huyen,xa,thon,cap
Thành phố Huế,Phường Hương Hồ,Tổ dân phố An Bình,1
Thành phố Huế,Phường Hương Hồ,Tổ dân phố Chầm,1
Thành phố Huế,Phường Hương Hồ,Tổ dân phố Long Hồ Hạ 1,1
Thành phố Huế,Phường Hương Hồ,Tổ dân phố Long Hồ Hạ 2,1
Thành phố Huế,Phường Hương Hồ,Tổ dân phố Long Hồ Thượng 1,1
Thành phố Huế,Phường Hương Hồ,Tổ dân phố Ngọc Hồ,1
Thành phố Huế,Phường Hương Hồ,Tổ dân phố Xước Dũ,2
Thành phố Huế,Phường Hương Hồ,Tổ dân phố Long Hồ Thượng 2,3
Thành phố Huế,Phường Hương Hồ,Tổ dân phố Nham Biều - Lưu Bảo,3
Thành phố Huế,Phường Phú Nhuận,Tổ dân phố 2,1
Thành phố Huế,Phường Phú Nhuận,Tổ dân phố 5,1
Thành phố Huế,Phường Phú Nhuận,Tổ dân phố 6,1
Thành phố Huế,Phường Phú Nhuận,Tổ dân phố Đống Đa,1
Thành phố Huế,Phường Phú Nhuận,Tổ dân phố 1,2
Thành phố Huế,Phường Phú Nhuận,Tổ dân phố 3,2
Thành phố Huế,Phường Phú Nhuận,Tổ dân phố 4,2
Thành phố Huế,Phường Phú Nhuận,Tổ dân phố 7,3
Thành phố Huế,Phường Tây Lộc,Tổ dân phố 9,1
Thành phố Huế,Phường Tây Lộc,Tổ dân phố 10,1
Thành phố Huế,Phường Tây Lộc,Tổ dân phố 12,1
Thành phố Huế,Phường Tây Lộc,Tổ dân phố 16,1
Thành phố Huế,Phường Tây Lộc,Tổ dân phố 1,2
Thành phố Huế,Phường Tây Lộc,Tổ dân phố 2,2
Thành phố Huế,Phường Tây Lộc,Tổ dân phố 3,2
Thành phố Huế,Phường Tây Lộc,Tổ dân phố 4,2
Thành phố Huế,Phường Tây Lộc,Tổ dân phố 5,2
Thành phố Huế,Phường Tây Lộc,Tổ dân phố 8,2
Thành phố Huế,Phường Tây Lộc,Tổ dân phố 13,2
Thành phố Huế,Phường Tây Lộc,Tổ dân phố 15,2
Thành phố Huế,Phường Tây Lộc,Tổ dân phố 17,2
Thành phố Huế,Phường Tây Lộc,Tổ dân phố 18,2
Thành phố Huế,Phường Tây Lộc,Tổ dân phố 6,3
Thành phố Huế,Phường Tây Lộc,Tổ dân phố 7,3
Thành phố Huế,Phường Tây Lộc,Tổ dân phố 11,3
Thành phố Huế,Phường Tây Lộc,Tổ dân phố 14,3
Thành phố Huế,Phường Tây Lộc,Tổ dân phố 19,3
Thành phố Huế,Phường Thuỷ Biều,Tổ dân phố Đông Phước 1,1
Thành phố Huế,Phường Thuỷ Biều,Tổ dân phố Long Thọ,1
Thành phố Huế,Phường Thuỷ Biều,Tổ dân phố Lương Quán,1
Thành phố Huế,Phường Thuỷ Biều,Tổ dân phố Đông Phước 2,2
Thành phố Huế,Phường Thuỷ Biều,Tổ dân phố Trung Thượng,2
Thành phố Huế,Phường Thuỷ Biều,Tổ dân phố Trường Đá,3
Thành phố Huế,Phường Thuỷ Biều,Tổ dân phố Trường Sơn,3
Thành phố Huế,Phường Trường An,Tổ dân phố 6,1
Thành phố Huế,Phường Trường An,Tổ dân phố 8,1
Thành phố Huế,Phường Trường An,Tổ dân phố 9,1
Thành phố Huế,Phường Trường An,Tổ dân phố 10,1
Thành phố Huế,Phường Trường An,Tổ dân phố 1,2
Thành phố Huế,Phường Trường An,Tổ dân phố 3,2
Thành phố Huế,Phường Trường An,Tổ dân phố 4,2
Thành phố Huế,Phường Trường An,Tổ dân phố 5,2
Thành phố Huế,Phường Trường An,Tổ dân phố 7,2
Thành phố Huế,Phường Trường An,Tổ dân phố 11,2
Thành phố Huế,Phường Trường An,Tổ dân phố 2,3
Thành phố Huế,Xã Hải Dương,Thôn Thai Dương Hạ Nam,1
Thành phố Huế,Xã Hải Dương,Thôn Thai Dương Thượng Đông,1
Thành phố Huế,Xã Hải Dương,Thôn Vĩnh Trị,1
Thành phố Huế,Xã Hải Dương,Thôn Thai Dương Hạ Bắc,2
Thành phố Huế,Xã Hải Dương,Thôn Thai Dương Hạ Trung,3
Thành phố Huế,Xã Hải Dương,Thôn Thai Dương Thượng Tây,3
Thành phố Huế,Xã Hương Phong,Thôn Tiền Thành,1
Thành phố Huế,Xã Hương Phong,Thôn An Lai,3
Thành phố Huế,Xã Hương Phong,Thôn Thanh Phước,3
Thành phố Huế,Xã Hương Phong,Thôn Thuận Hòa,3
Thành phố Huế,Xã Hương Phong,Thôn Vân Quật Đông,3
Thành phố Huế,Xã Hương Phong,Thôn Vân Quật Thượng,3
Thành phố Huế,Xã Hương Thọ,Thôn Định Môn,1
Thành phố Huế,Xã Hương Thọ,Thôn Hòa An,1
Thành phố Huế,Xã Hương Thọ,Thôn Kim Ngọc,1
Thành phố Huế,Xã Hương Thọ,Thôn La Khê Trẹm,1
Thành phố Huế,Xã Hương Thọ,Thôn Liên Bằng,1
Thành phố Huế,Xã Hương Thọ,Thôn Thạch Hàn,1
Thành phố Huế,Xã Hương Thọ,Thôn La Khê Bãi,2
Thành phố Huế,Xã Hương Thọ,Thôn Hải Cát,3
Thành phố Huế,Xã Phú Thanh,Thôn Lại Lộc,1
Thành phố Huế,Xã Phú Thanh,Thôn Quy Lai,1
Thành phố Huế,Xã Phú Thanh,Thôn Hải Thanh,2
Thành phố Huế,Xã Phú Thanh,Thôn Hòa An,3
Thành phố Huế,Xã Thủy Bằng,Thôn An Dương,1
Thành phố Huế,Xã Thủy Bằng,Thôn Châu Chữ,1
Thành phố Huế,Xã Thủy Bằng,Thôn Cư Chánh 1,1
Thành phố Huế,Xã Thủy Bằng,Thôn Cư Chánh 2,1
Thành phố Huế,Xã Thủy Bằng,Thôn Dạ Khê,1
Thành phố Huế,Xã Thủy Bằng,Thôn Nguyệt Biều,1
Thành phố Huế,Xã Thủy Bằng,Thôn Tân Ba,1
Thành phố Huế,Xã Thủy Bằng,Thôn Kim Sơn,2
Thành phố Huế,Xã Thủy Bằng,Thôn Bằng Lãng,3
Thành phố Huế,Xã Thủy Bằng,Thôn La Khê Hói,3
Thành phố Huế,Xã Thủy Bằng,Thôn Vỹ Xá,3
Thành phố Huế,Phường An Cựu,Tổ dân phố 1,1
Thành phố Huế,Phường An Cựu,Tổ dân phố 7,1
Thành phố Huế,Phường An Cựu,Tổ dân phố 3,2
Thành phố Huế,Phường An Cựu,Tổ dân phố 11,2
Thành phố Huế,Phường An Cựu,Tổ dân phố 12,2
Thành phố Huế,Phường An Cựu,Tổ dân phố 2,3
Thành phố Huế,Phường An Cựu,Tổ dân phố 4,3
Thành phố Huế,Phường An Cựu,Tổ dân phố 5,3
Thành phố Huế,Phường An Cựu,Tổ dân phố 6,3
Thành phố Huế,Phường An Cựu,Tổ dân phố 8,3
Thành phố Huế,Phường An Cựu,Tổ dân phố 10,3
Thành phố Huế,Phường An Cựu,Tổ dân phố 13,3
Thành phố Huế,Phường An Cựu,Tổ dân phố 9,4
Thành phố Huế,Phường An Đông,Tổ dân phố 5,1
Thành phố Huế,Phường An Đông,Tổ dân phố 9,1
Thành phố Huế,Phường An Đông,Tổ dân phố 14,1
Thành phố Huế,Phường An Đông,Tổ dân phố 16,1
Thành phố Huế,Phường An Đông,Tổ dân phố 19,1
Thành phố Huế,Phường An Đông,Tổ dân phố 15,2
Thành phố Huế,Phường An Đông,Tổ dân phố 17_18,2
Thành phố Huế,Phường An Đông,Tổ dân phố 22,2
Thành phố Huế,Phường An Đông,Tổ dân phố 1_2,3
Thành phố Huế,Phường An Đông,Tổ dân phố 6,3
Thành phố Huế,Phường An Đông,Tổ dân phố 7_8,3
Thành phố Huế,Phường An Đông,Tổ dân phố 10_11,3
Thành phố Huế,Phường An Đông,Tổ dân phố 12,3
Thành phố Huế,Phường An Đông,Tổ dân phố 13,3
Thành phố Huế,Phường An Đông,Tổ dân phố 20_21,3
Thành phố Huế,Phường An Đông,Tổ dân phố Nhì Đông,3
Thành phố Huế,Phường An Hòa,Tổ dân phố 9,1
Thành phố Huế,Phường An Hòa,Tổ dân phố 11,1
Thành phố Huế,Phường An Hòa,Tổ dân phố 8,2
Thành phố Huế,Phường An Hòa,Tổ dân phố 12,2
Thành phố Huế,Phường An Hòa,Tổ dân phố 13,2
Thành phố Huế,Phường An Hòa,Tổ dân phố 1,3
Thành phố Huế,Phường An Hòa,Tổ dân phố 5,3
Thành phố Huế,Phường An Hòa,Tổ dân phố 6,3
Thành phố Huế,Phường An Hòa,Tổ dân phố 7,3
Thành phố Huế,Phường An Tây,Tổ dân phố 4,1
Thành phố Huế,Phường An Tây,Tổ dân phố 10,1
Thành phố Huế,Phường An Tây,Tổ dân phố 1,2
Thành phố Huế,Phường An Tây,Tổ dân phố 3,2
Thành phố Huế,Phường An Tây,Tổ dân phố 6,2
Thành phố Huế,Phường An Tây,Tổ dân phố 9,2
Thành phố Huế,Phường An Tây,Tổ dân phố 2,3
Thành phố Huế,Phường An Tây,Tổ dân phố 7,3
Thành phố Huế,Phường An Tây,Tổ dân phố 8,3
Thành phố Huế,Phường Đông Ba,Tổ dân phố 5,1
Thành phố Huế,Phường Đông Ba,Tổ dân phố 9,1
Thành phố Huế,Phường Đông Ba,Tổ dân phố 13,1
Thành phố Huế,Phường Đông Ba,Tổ dân phố 14,1
Thành phố Huế,Phường Đông Ba,Tổ dân phố 2,2
Thành phố Huế,Phường Đông Ba,Tổ dân phố 4,2
Thành phố Huế,Phường Đông Ba,Tổ dân phố 8,2
Thành phố Huế,Phường Đông Ba,Tổ dân phố 1,3
Thành phố Huế,Phường Đông Ba,Tổ dân phố 3,3
Thành phố Huế,Phường Đông Ba,Tổ dân phố 6,3
Thành phố Huế,Phường Đông Ba,Tổ dân phố 7,3
Thành phố Huế,Phường Đông Ba,Tổ dân phố 10,3
Thành phố Huế,Phường Đông Ba,Tổ dân phố 11,3
Thành phố Huế,Phường Đông Ba,Tổ dân phố 12,3
Thành phố Huế,Phường Gia Hội,Tổ dân phố 3,1
Thành phố Huế,Phường Gia Hội,Tổ dân phố 5,1
Thành phố Huế,Phường Gia Hội,Tổ dân phố 1,2
Thành phố Huế,Phường Gia Hội,Tổ dân phố 15,2
Thành phố Huế,Phường Gia Hội,Tổ dân phố 2,3
Thành phố Huế,Phường Gia Hội,Tổ dân phố 4,3
Thành phố Huế,Phường Gia Hội,Tổ dân phố 6,3
Thành phố Huế,Phường Gia Hội,Tổ dân phố 7,3
Thành phố Huế,Phường Gia Hội,Tổ dân phố 8,3
Thành phố Huế,Phường Gia Hội,Tổ dân phố 9,3
Thành phố Huế,Phường Gia Hội,Tổ dân phố 10,3
Thành phố Huế,Phường Gia Hội,Tổ dân phố 11,3
Thành phố Huế,Phường Gia Hội,Tổ dân phố 12,3
Thành phố Huế,Phường Gia Hội,Tổ dân phố 13,3
Thành phố Huế,Phường Gia Hội,Tổ dân phố 14,3
Thành phố Huế,Phường Gia Hội,Tổ dân phố 16,3
Thành phố Huế,Phường Gia Hội,Tổ dân phố 17,3
Thành phố Huế,Phường Gia Hội,Tổ dân phố 18,3
Thành phố Huế,Phường Hương An,Tổ dân phố An Lưu,1
Thành phố Huế,Phường Hương An,Tổ dân phố An Vân,1
Thành phố Huế,Phường Hương An,Tổ dân phố Bồn Phổ,1
Thành phố Huế,Phường Hương An,Tổ dân phố An Hoà,2
Thành phố Huế,Phường Hương An,Tổ dân phố Bồn trì,2
Thành phố Huế,Phường Hương An,Tổ dân phố Cổ Bưu,3
Thành phố Huế,Phường Hương An,Tổ dân phố Thanh Chữ,3
Thành phố Huế,Phường Hương Long,Tổ dân phố 3,1
Thành phố Huế,Phường Hương Long,Tổ dân phố 1,2
Thành phố Huế,Phường Hương Long,Tổ dân phố 5,2
Thành phố Huế,Phường Hương Long,Tổ dân phố 2,3
Thành phố Huế,Phường Hương Long,Tổ dân phố 4,3
Thành phố Huế,Phường Hương Long,Tổ dân phố 6,3
Thành phố Huế,Phường Hương Long,Tổ dân phố 7,3
Thành phố Huế,Phường Hương Long,Tổ dân phố 8,3
Thành phố Huế,Phường Hương Sơ,Tổ dân phố 2,1
Thành phố Huế,Phường Hương Sơ,Tổ dân phố 10,1
Thành phố Huế,Phường Hương Sơ,Tổ dân phố 4,2
Thành phố Huế,Phường Hương Sơ,Tổ dân phố 5,2
Thành phố Huế,Phường Hương Sơ,Tổ dân phố 1,3
Thành phố Huế,Phường Hương Sơ,Tổ dân phố 3,3
Thành phố Huế,Phường Hương Sơ,Tổ dân phố 7,3
Thành phố Huế,Phường Hương Sơ,Tổ dân phố 8,3
Thành phố Huế,Phường Hương Sơ,Tổ dân phố 9,3
Thành phố Huế,Phường Hương Sơ,Tổ dân phố 11,3
Thành phố Huế,Phường Hương Sơ,Tổ dân phố 16,3
Thành phố Huế,Phường Hương Sơ,Tổ dân phố 12,4
Thành phố Huế,Phường Hương Vinh,Tổ dân phố Thủy Phú,1
Thành phố Huế,Phường Hương Vinh,Tổ dân phố Triều Sơn Nam,1
Thành phố Huế,Phường Hương Vinh,Tổ dân phố Địa Linh,2
Thành phố Huế,Phường Hương Vinh,Tổ dân phố Triều Sơn Đông,2
Thành phố Huế,Phường Hương Vinh,Tổ dân phố Bao Vinh,3
Thành phố Huế,Phường Hương Vinh,Tổ dân phố La Khê,3
Thành phố Huế,Phường Hương Vinh,Tổ dân phố Minh Thanh,3
Thành phố Huế,Phường Hương Vinh,Tổ dân phố Thế Lại Thượng,4
Thành phố Huế,Phường Kim Long,Tổ dân phố 6,1
Thành phố Huế,Phường Kim Long,Tổ dân phố 2,2
Thành phố Huế,Phường Kim Long,Tổ dân phố 8,2
Thành phố Huế,Phường Kim Long,Tổ dân phố 12,2
Thành phố Huế,Phường Kim Long,Tổ dân phố 1,3
Thành phố Huế,Phường Kim Long,Tổ dân phố 3,3
Thành phố Huế,Phường Kim Long,Tổ dân phố 4,3
Thành phố Huế,Phường Kim Long,Tổ dân phố 5,3
Thành phố Huế,Phường Kim Long,Tổ dân phố 7,3
Thành phố Huế,Phường Kim Long,Tổ dân phố 9,3
Thành phố Huế,Phường Kim Long,Tổ dân phố 10,3
Thành phố Huế,Phường Kim Long,Tổ dân phố 11,3
Thành phố Huế,Phường Kim Long,Tổ dân phố 13,3
Thành phố Huế,Phường Phú Hậu,Tổ dân phố 1,3
Thành phố Huế,Phường Phú Hậu,Tổ dân phố 2,3
Thành phố Huế,Phường Phú Hậu,Tổ dân phố 3,3
Thành phố Huế,Phường Phú Hậu,Tổ dân phố 4,3
Thành phố Huế,Phường Phú Hậu,Tổ dân phố 5,3
Thành phố Huế,Phường Phú Hậu,Tổ dân phố 6,3
Thành phố Huế,Phường Phú Hậu,Tổ dân phố 8,3
Thành phố Huế,Phường Phú Hậu,Tổ dân phố 7,4
Thành phố Huế,Phường Phú Hội,Tổ dân phố 4,1
Thành phố Huế,Phường Phú Hội,Tổ dân phố 1,2
Thành phố Huế,Phường Phú Hội,Tổ dân phố 2,2
Thành phố Huế,Phường Phú Hội,Tổ dân phố 5,2
Thành phố Huế,Phường Phú Hội,Tổ dân phố 7,2
Thành phố Huế,Phường Phú Hội,Tổ dân phố 3,3
Thành phố Huế,Phường Phú Hội,Tổ dân phố 6,3
Thành phố Huế,Phường Phú Hội,Tổ dân phố 8,3
Thành phố Huế,Phường Phú Thượng,Tổ dân phố Tây Trì Nhơn,1
Thành phố Huế,Phường Phú Thượng,Tổ dân phố Trung Đông,1
Thành phố Huế,Phường Phú Thượng,Tổ dân phố Lại Thế 1,2
Thành phố Huế,Phường Phú Thượng,Tổ dân phố Chiết Bi,3
Thành phố Huế,Phường Phú Thượng,Tổ dân phố La Ỷ,3
Thành phố Huế,Phường Phú Thượng,Tổ dân phố Lại Thế 2,3
Thành phố Huế,Phường Phú Thượng,Tổ dân phố Nam Thượng,3
Thành phố Huế,Phường Phú Thượng,Tổ dân phố Ngọc Anh,3
Thành phố Huế,Phường Phú Thượng,Tổ dân phố Tây Thượng,3
Thành phố Huế,Phường Phước Vĩnh,Tổ dân phố 11,1
Thành phố Huế,Phường Phước Vĩnh,Tổ dân phố 1,2
Thành phố Huế,Phường Phước Vĩnh,Tổ dân phố 4,2
Thành phố Huế,Phường Phước Vĩnh,Tổ dân phố 5,2
Thành phố Huế,Phường Phước Vĩnh,Tổ dân phố 2,3
Thành phố Huế,Phường Phước Vĩnh,Tổ dân phố 3,3
Thành phố Huế,Phường Phước Vĩnh,Tổ dân phố 6,3
Thành phố Huế,Phường Phước Vĩnh,Tổ dân phố 8,3
Thành phố Huế,Phường Phước Vĩnh,Tổ dân phố 9,3
Thành phố Huế,Phường Phước Vĩnh,Tổ dân phố 10,3
Thành phố Huế,Phường Phước Vĩnh,Tổ dân phố 12,3
Thành phố Huế,Phường Phước Vĩnh,Tổ dân phố 7,4
Thành phố Huế,Phường Phường Đúc,Tổ dân phố 3,1
Thành phố Huế,Phường Phường Đúc,Tổ dân phố 4,1
Thành phố Huế,Phường Phường Đúc,Tổ dân phố 6,1
Thành phố Huế,Phường Phường Đúc,Tổ dân phố 1,2
Thành phố Huế,Phường Phường Đúc,Tổ dân phố 5,2
Thành phố Huế,Phường Phường Đúc,Tổ dân phố 2,3
Thành phố Huế,Phường Phường Đúc,Tổ dân phố 7,3
Thành phố Huế,Phường Phường Đúc,Tổ dân phố 8,3
Thành phố Huế,Phường Phường Đúc,Tổ dân phố 9,3
Thành phố Huế,Phường Thuận An,Tổ dân phố An Hải,1
Thành phố Huế,Phường Thuận An,Tổ dân phố Hải Bình,1
Thành phố Huế,Phường Thuận An,Tổ dân phố Hải Thành,1
Thành phố Huế,Phường Thuận An,Tổ dân phố Hải Tiến,1
Thành phố Huế,Phường Thuận An,Tổ dân phố Minh Hải,1
Thành phố Huế,Phường Thuận An,Tổ dân phố Tân Bình,1
Thành phố Huế,Phường Thuận An,Tổ dân phố Tân Lập,1
Thành phố Huế,Phường Thuận An,Tổ dân phố Tân Mỹ,1
Thành phố Huế,Phường Thuận An,Tổ dân phố Diên Trường,3
Thành phố Huế,Phường Thuận An,Tổ dân phố Tân An,3
Thành phố Huế,Phường Thuận An,Tổ dân phố Tân Cảng,3
Thành phố Huế,Phường Thuận An,Tổ dân phố Tân Dương,4
Thành phố Huế,Phường Thuận Hòa,Tổ dân phố 1,1
Thành phố Huế,Phường Thuận Hòa,Tổ dân phố 2,1
Thành phố Huế,Phường Thuận Hòa,Tổ dân phố 4,1
Thành phố Huế,Phường Thuận Hòa,Tổ dân phố 6,1
Thành phố Huế,Phường Thuận Hòa,Tổ dân phố 7,1
Thành phố Huế,Phường Thuận Hòa,Tổ dân phố 12,1
Thành phố Huế,Phường Thuận Hòa,Tổ dân phố 3,2
Thành phố Huế,Phường Thuận Hòa,Tổ dân phố 8,2
Thành phố Huế,Phường Thuận Hòa,Tổ dân phố 5,3
Thành phố Huế,Phường Thuận Hòa,Tổ dân phố 9,3
Thành phố Huế,Phường Thuận Hòa,Tổ dân phố 10,3
Thành phố Huế,Phường Thuận Hòa,Tổ dân phố 11,3
Thành phố Huế,Phường Thuận Hòa,Tổ dân phố 13,3
Thành phố Huế,Phường Thuận Lộc,Tổ dân phố 1,1
Thành phố Huế,Phường Thuận Lộc,Tổ dân phố 2,2
Thành phố Huế,Phường Thuận Lộc,Tổ dân phố 3,3
Thành phố Huế,Phường Thuận Lộc,Tổ dân phố 4,3
Thành phố Huế,Phường Thuận Lộc,Tổ dân phố 5,3
Thành phố Huế,Phường Thuận Lộc,Tổ dân phố 6,3
Thành phố Huế,Phường Thuận Lộc,Tổ dân phố 7,3
Thành phố Huế,Phường Thuận Lộc,Tổ dân phố 8,3
Thành phố Huế,Phường Thuận Lộc,Tổ dân phố 9,3
Thành phố Huế,Phường Thuận Lộc,Tổ dân phố 10,3
Thành phố Huế,Phường Thuận Lộc,Tổ dân phố 11,3
Thành phố Huế,Phường Thuận Lộc,Tổ dân phố 12,3
Thành phố Huế,Phường Thuận Lộc,Tổ dân phố 13,3
Thành phố Huế,Phường Thuận Lộc,Tổ dân phố 14,3
Thành phố Huế,Phường Thủy Vân,Thôn Công Lương,2
Thành phố Huế,Phường Thủy Vân,Thôn Dạ Lê,2
Thành phố Huế,Phường Thủy Vân,Thôn Vân Dương,3
Thành phố Huế,Phường Thủy Vân,Thôn Xuân Hòa,3
Thành phố Huế,Phường Thuỷ Xuân,Tổ dân phố 4,1
Thành phố Huế,Phường Thuỷ Xuân,Tổ dân phố 8,1
Thành phố Huế,Phường Thuỷ Xuân,Tổ dân phố 5,2
Thành phố Huế,Phường Thuỷ Xuân,Tổ dân phố 6,2
Thành phố Huế,Phường Thuỷ Xuân,Tổ dân phố 9,2
Thành phố Huế,Phường Thuỷ Xuân,Tổ dân phố 10,2
Thành phố Huế,Phường Thuỷ Xuân,Tổ dân phố 1,3
Thành phố Huế,Phường Thuỷ Xuân,Tổ dân phố 2,3
Thành phố Huế,Phường Thuỷ Xuân,Tổ dân phố 3,3
Thành phố Huế,Phường Thuỷ Xuân,Tổ dân phố 7,3
Thành phố Huế,Phường Thuỷ Xuân,Tổ dân phố 11,3
Thành phố Huế,Phường Thuỷ Xuân,Tổ dân phố 12,3
Thành phố Huế,Phường Thuỷ Xuân,Tổ dân phố 13,3
Thành phố Huế,Phường Thuỷ Xuân,Tổ dân phố 14,3
Thành phố Huế,Phường Vĩnh Ninh,Tổ dân phố 1,1
Thành phố Huế,Phường Vĩnh Ninh,Tổ dân phố 5,1
Thành phố Huế,Phường Vĩnh Ninh,Tổ dân phố 4,2
Thành phố Huế,Phường Vĩnh Ninh,Tổ dân phố 2,3
Thành phố Huế,Phường Vĩnh Ninh,Tổ dân phố 3,3
Thành phố Huế,Phường Vỹ Dạ,Tổ dân phố 3,1
Thành phố Huế,Phường Vỹ Dạ,Tổ dân phố 9,2
Thành phố Huế,Phường Vỹ Dạ,Tổ dân phố 12,2
Thành phố Huế,Phường Vỹ Dạ,Tổ dân phố 1,3
Thành phố Huế,Phường Vỹ Dạ,Tổ dân phố 2,3
Thành phố Huế,Phường Vỹ Dạ,Tổ dân phố 4,3
Thành phố Huế,Phường Vỹ Dạ,Tổ dân phố 5,3
Thành phố Huế,Phường Vỹ Dạ,Tổ dân phố 6,3
Thành phố Huế,Phường Vỹ Dạ,Tổ dân phố 7,3
Thành phố Huế,Phường Vỹ Dạ,Tổ dân phố 8,3
Thành phố Huế,Phường Vỹ Dạ,Tổ dân phố 10,3
Thành phố Huế,Phường Vỹ Dạ,Tổ dân phố 11,3
Thành phố Huế,Phường Vỹ Dạ,Tổ dân phố 13,3
Thành phố Huế,Phường Xuân Phú,Tổ dân phố 1,1
Thành phố Huế,Phường Xuân Phú,Tổ dân phố 2,2
Thành phố Huế,Phường Xuân Phú,Tổ dân phố 4,2
Thành phố Huế,Phường Xuân Phú,Tổ dân phố 5,2
Thành phố Huế,Phường Xuân Phú,Tổ dân phố 7,2
Thành phố Huế,Phường Xuân Phú,Tổ dân phố 8,2
Thành phố Huế,Phường Xuân Phú,Tổ dân phố 11,2
Thành phố Huế,Phường Xuân Phú,Tổ dân phố 3,3
Thành phố Huế,Phường Xuân Phú,Tổ dân phố 6,3
Thành phố Huế,Phường Xuân Phú,Tổ dân phố 9,3
Thành phố Huế,Phường Xuân Phú,Tổ dân phố 10,3
Thành phố Huế,Xã Phú Dương,Thôn Dương Nỗ  Cồn,1
Thành phố Huế,Xã Phú Dương,Thôn Dương Nổ Nam,1
Thành phố Huế,Xã Phú Dương,Thôn Dương Nổ Đông,2
Thành phố Huế,Xã Phú Dương,Thôn Lưu Khánh,2
Thành phố Huế,Xã Phú Dương,Thôn Mỹ An,2
Thành phố Huế,Xã Phú Dương,Thôn Phò An,2
Thành phố Huế,Xã Phú Dương,Thôn Dương Nỗ Tây,3
Thành phố Huế,Xã Phú Dương,Thôn Phú Khê,3
Thành phố Huế,Xã Phú Dương,Thôn Thạch Căn,3
Thành phố Huế,Xã Phú Mậu,Thôn Thanh Vinh,1
Thành phố Huế,Xã Phú Mậu,Thôn Mậu Tài,2
Thành phố Huế,Xã Phú Mậu,Thôn Tiên Nộn,2
Thành phố Huế,Xã Phú Mậu,Thôn Vọng Trì,2
Thành phố Huế,Xã Phú Mậu,Thôn Lại Ân,3
Thành phố Huế,Xã Phú Mậu,Thôn Lại Tân,3
Huyện A Lưới,Xã A Roàng,Thôn A Chi-Hương Sơn,1
Huyện A Lưới,Xã A Roàng,Thôn A Ka,1
Huyện A Lưới,Xã A Roàng,Thôn A Min-C9,1
Huyện A Lưới,Xã A Roàng,Thôn A Roằng 1,1
Huyện A Lưới,Xã A Roàng,Thôn A Roằng 2,1
Huyện A Lưới,Xã A Roàng,Thôn Ka Lô,1
Huyện A Lưới,Xã A Roàng,Thôn Ka Rôông-A Ho,1
Huyện A Lưới,Xã Hồng Thủy,Thôn Kê 1,1
Huyện A Lưới,Xã Hồng Thủy,Thôn Kê 2,1
Huyện A Lưới,Xã Hồng Thủy,Thôn La Ngà,1
Huyện A Lưới,Xã Hồng Thủy,Thôn Pâr Ay,1
Huyện A Lưới,Xã Hồng Thủy,Thôn Tru Pỉ,1
Huyện A Lưới,Xã Hồng Vân,Thôn Ka Cú 2,1
Huyện A Lưới,Xã Hồng Vân,Thôn Kêr,1
Huyện A Lưới,Xã Hồng Vân,Thôn Ta Lo A Hố,1
Huyện A Lưới,Xã Hồng Vân,Thôn A Năm,2
Huyện A Lưới,Xã Hồng Vân,Thôn Ka Cú 1,2
Huyện A Lưới,Xã Hương Phong,Thôn Hương Phú,1
Huyện A Lưới,Xã Hương Phong,Thôn Hương Thịnh,1
Huyện A Lưới,Xã Phú Vinh,Thôn Phú Thành,1
Huyện A Lưới,Xã Phú Vinh,Thôn Phú Xuân,1
Huyện A Lưới,Xã Phú Vinh,Thôn Phú Thượng,2
Huyện A Lưới,Xã Hồng Bắc,Thôn Lê Ninh,1
Huyện A Lưới,Xã Hồng Bắc,Thôn Lê Lộc 2,2
Huyện A Lưới,Xã Hồng Bắc,Thôn Ra Loóc-A Sốc,2
Huyện A Lưới,Xã Hồng Bắc,Thôn Tân Hối,2
Huyện A Lưới,Xã Hồng Kim,Thôn A Tia 1,1
Huyện A Lưới,Xã Hồng Kim,Thôn Đút 1,1
Huyện A Lưới,Xã Hồng Kim,Thôn Đút 2,1
Huyện A Lưới,Xã Hồng Kim,Thôn A tia 2,3
Huyện A Lưới,Xã Lâm Đớt,Thôn A Tin,1
Huyện A Lưới,Xã Lâm Đớt,Thôn Chi Hoá,1
Huyện A Lưới,Xã Lâm Đớt,Thôn Ka Nôn 1,1
Huyện A Lưới,Xã Lâm Đớt,Thôn La Tưng,1
Huyện A Lưới,Xã Lâm Đớt,Thôn Liên Hiệp,1
Huyện A Lưới,Xã Lâm Đớt,Thôn PaRis-KaVin,2
Huyện A Lưới,Xã Lâm Đớt,Thôn A Đớt,3
Huyện A Lưới,Xã Lâm Đớt,Thôn Chi Lanh-A Roh,3
Huyện A Lưới,Xã Lâm Đớt,Thôn Cưr Xo,3
Huyện A Lưới,Xã Lâm Đớt,Thôn Ka Nôn 2,3
Huyện A Lưới,Xã Lâm Đớt,Thôn Ba Lạch,4
Huyện A Lưới,Xã Sơn Thủy,Thôn Quảng Lộc,1
Huyện A Lưới,Xã Sơn Thủy,Thôn Quảng Ngạn,1
Huyện A Lưới,Xã Sơn Thủy,Thôn Quảng Thọ,1
Huyện A Lưới,Xã Sơn Thủy,Thôn Vĩnh Lợi,1
Huyện A Lưới,Xã Sơn Thủy,Thôn Quảng Phú,2
Huyện A Lưới,Xã Sơn Thủy,Thôn Quảng Hợp,3
Huyện A Lưới,Xã Trung Sơn,Thôn A Đeeng Par Lieng 1,1
Huyện A Lưới,Xã Trung Sơn,Thôn A Niêng Lê Triêng 1,1
Huyện A Lưới,Xã Trung Sơn,Thôn Đụt Lê Triêng 2,1
Huyện A Lưới,Xã Trung Sơn,Thôn A Đeeng Par Lieng 2,3
Huyện A Lưới,Xã Trung Sơn,Thôn Ta Ay Ta,3
Huyện A Lưới,Thị trấn A Lưới,Tổ dân phố 2,3
Huyện A Lưới,Thị trấn A Lưới,Tổ dân phố 4,3
Huyện A Lưới,Thị trấn A Lưới,Tổ dân phố 1,4
Huyện A Lưới,Thị trấn A Lưới,Tổ dân phố 3,4
Huyện A Lưới,Thị trấn A Lưới,Tổ dân phố 5,4
Huyện A Lưới,Thị trấn A Lưới,Tổ dân phố 6,4
Huyện A Lưới,Thị trấn A Lưới,Tổ dân phố 7,4
Huyện A Lưới,Xã A Ngo,Thôn A Ngo,1
Huyện A Lưới,Xã A Ngo,Thôn Pâr Nghi,1
Huyện A Lưới,Xã A Ngo,Thôn Pờ Nghi 1,1
Huyện A Lưới,Xã A Ngo,Thôn Bình Sơn,4
Huyện A Lưới,Xã A Ngo,Thôn Diên Mai,4
Huyện A Lưới,Xã A Ngo,Thôn Tà Ròi,4
Huyện A Lưới,Xã Đông Sơn,Thôn Loah-Ta Vai,1
Huyện A Lưới,Xã Đông Sơn,Thôn Tru-Chaih,1
Huyện A Lưới,Xã Đông Sơn,Thôn Ka Vá,3
Huyện A Lưới,Xã Hồng Hạ,Thôn A Rom,1
Huyện A Lưới,Xã Hồng Hạ,Thôn Pa Hy,1
Huyện A Lưới,Xã Hồng Hạ,Thôn Pa Ring Cân Sâm,2
Huyện A Lưới,Xã Hồng Hạ,Thôn Căn Tôm,4
Huyện A Lưới,Xã Hồng Thái,Thôn A Đâng,1
Huyện A Lưới,Xã Hồng Thái,Thôn A La,3
Huyện A Lưới,Xã Hồng Thái,Thôn Tu Vay,3
Huyện A Lưới,Xã Hồng Thái,Thôn Y Reo,3
Huyện A Lưới,Xã Hồng Thượng,Thôn Căn Te,1
Huyện A Lưới,Xã Hồng Thượng,Thôn Căn Tôm,1
Huyện A Lưới,Xã Hồng Thượng,Thôn A Xáp,2
Huyện A Lưới,Xã Hồng Thượng,Thôn Căn Sâm,2
Huyện A Lưới,Xã Hồng Thượng,Thôn Hợp Thượng,2
Huyện A Lưới,Xã Hồng Thượng,Thôn A Đên,3
Huyện A Lưới,Xã Hồng Thượng,Thôn Ky Ré,3
Huyện A Lưới,Xã Hương Nguyên,Thôn A Rí,1
Huyện A Lưới,Xã Hương Nguyên,Thôn Chi Đu-Nghĩa,1
Huyện A Lưới,Xã Hương Nguyên,Thôn Giồng,1
Huyện A Lưới,Xã Hương Nguyên,Thôn Mù Nú - Ta Rá,3
Huyện A Lưới,Xã Quảng Nhâm,Thôn A Lưới,1
Huyện A Lưới,Xã Quảng Nhâm,Thôn Pất Đuh,3
Huyện A Lưới,Xã Quảng Nhâm,Thôn Pi Ây 1,3
Huyện A Lưới,Xã Quảng Nhâm,Thôn Pi Ây 2,3
Huyện A Lưới,Xã Quảng Nhâm,Thôn A Hươr Pa E,4
Huyện A Lưới,Xã Quảng Nhâm,Thôn Âr Bả Nhâm,4
Huyện A Lưới,Xã Quảng Nhâm,Thôn Âr Kêu Nhâm,4
Huyện A Lưới,Xã Quảng Nhâm,Thôn KLeng A Bung,4
Huyện Phú Lộc,Xã Giang Hải,Thôn 3,1
Huyện Phú Lộc,Xã Giang Hải,Thôn 4,1
Huyện Phú Lộc,Xã Giang Hải,Thôn Giang Chế,1
Huyện Phú Lộc,Xã Giang Hải,Thôn Mỹ Cảnh,1
Huyện Phú Lộc,Xã Giang Hải,Thôn Nam Trường,1
Huyện Phú Lộc,Xã Giang Hải,Thôn Nghi Xuân,1
Huyện Phú Lộc,Xã Lộc An,Thôn An Lại,1
Huyện Phú Lộc,Xã Lộc An,Thôn Bắc Thượng,1
Huyện Phú Lộc,Xã Lộc An,Thôn Bắc Trung,1
Huyện Phú Lộc,Xã Lộc An,Thôn Châu Thành,1
Huyện Phú Lộc,Xã Lộc An,Thôn Đông,1
Huyện Phú Lộc,Xã Lộc An,Thôn Hai Hà,1
Huyện Phú Lộc,Xã Lộc An,Thôn Nam,1
Huyện Phú Lộc,Xã Lộc An,Thôn Nam Phước,1
Huyện Phú Lộc,Xã Lộc An,Thôn Nam Trạch,1
Huyện Phú Lộc,Xã Lộc An,Thôn Phú Môn,1
Huyện Phú Lộc,Xã Lộc An,Thôn Tây,1
Huyện Phú Lộc,Xã Lộc An,Thôn Xuân Lai,1
Huyện Phú Lộc,Xã Lộc An,Thôn Nam Phổ Hạ,2
Huyện Phú Lộc,Xã Lộc Bình,Thôn Hòa An,1
Huyện Phú Lộc,Xã Lộc Bình,Thôn Mai Gia Phường,1
Huyện Phú Lộc,Xã Lộc Bình,Thôn Tân An,1
Huyện Phú Lộc,Xã Lộc Bình,Thôn Tân An Hải,1
Huyện Phú Lộc,Xã Lộc Bổn,Thôn Hòa Vang 2,1
Huyện Phú Lộc,Xã Lộc Bổn,Thôn Hòa Vang 3,1
Huyện Phú Lộc,Xã Lộc Bổn,Thôn Hòa Vang 4,1
Huyện Phú Lộc,Xã Lộc Bổn,Thôn Bình An,1
Huyện Phú Lộc,Xã Lộc Bổn,Thôn Dương Lộc,1
Huyện Phú Lộc,Xã Lộc Bổn,Thôn Hòa Lộc,1
Huyện Phú Lộc,Xã Lộc Bổn,Thôn Hòa Mỹ,1
Huyện Phú Lộc,Xã Lộc Bổn,Thôn Thuận Hóa,1
Huyện Phú Lộc,Xã Lộc Bổn,Thôn Hòa Vang 1,2
Huyện Phú Lộc,Xã Lộc Hòa,Thôn An Hà,1
Huyện Phú Lộc,Xã Lộc Hòa,Thôn Bắc Khe Dài,1
Huyện Phú Lộc,Xã Lộc Hòa,Thôn La Phú,1
Huyện Phú Lộc,Xã Lộc Hòa,Thôn Làng Đông,1
Huyện Phú Lộc,Xã Lộc Hòa,Thôn Nam Khe Dài,1
Huyện Phú Lộc,Xã Lộc Sơn,Thôn An Sơn,1
Huyện Phú Lộc,Xã Lộc Sơn,Thôn La Sơn,1
Huyện Phú Lộc,Xã Lộc Sơn,Thôn Vinh Sơn,1
Huyện Phú Lộc,Xã Lộc Sơn,Thôn Xuân Sơn,1
Huyện Phú Lộc,Xã Lộc Thủy,Thôn An Bàng,1
Huyện Phú Lộc,Xã Lộc Thủy,Thôn Phú Cường Xuyên,1
Huyện Phú Lộc,Xã Lộc Thủy,Thôn Thuỷ Cam,1
Huyện Phú Lộc,Xã Lộc Thủy,Thôn Thủy Yên Hạ,1
Huyện Phú Lộc,Xã Lộc Thủy,Thôn Thủy Yên Thôn,1
Huyện Phú Lộc,Xã Lộc Thủy,Thôn Thuỷ Yên Thượng,1
Huyện Phú Lộc,Xã Lộc Thủy,Thôn Phước Hưng,2
Huyện Phú Lộc,Xã Lộc Vĩnh,Thôn Bình An,1
Huyện Phú Lộc,Xã Lộc Vĩnh,Thôn Bình An 2,1
Huyện Phú Lộc,Xã Lộc Vĩnh,Thôn Cảnh Dương,1
Huyện Phú Lộc,Xã Lộc Vĩnh,Thôn Phú Hải,1
Huyện Phú Lộc,Xã Vinh Hiền,Thôn Đông Dương,1
Huyện Phú Lộc,Xã Vinh Hiền,Thôn Hiền An 1,1
Huyện Phú Lộc,Xã Vinh Hiền,Thôn Hiền An 2,1
Huyện Phú Lộc,Xã Vinh Hiền,Thôn Hiền Hòa 1,1
Huyện Phú Lộc,Xã Vinh Hiền,Thôn Hiền Hòa 2,1
Huyện Phú Lộc,Xã Vinh Hiền,Thôn Hiền Vân 1,1
Huyện Phú Lộc,Xã Vinh Hiền,Thôn Hiền Vân 2,1
Huyện Phú Lộc,Xã Vinh Mỹ,Thôn 1,1
Huyện Phú Lộc,Xã Vinh Mỹ,Thôn 2,1
Huyện Phú Lộc,Xã Vinh Mỹ,Thôn 3,1
Huyện Phú Lộc,Xã Vinh Mỹ,Thôn 4,1
Huyện Phú Lộc,Xã Vinh Mỹ,Thôn 5,1
Huyện Phú Lộc,Xã Xuân Lộc,Thôn Hưng An,1
Huyện Phú Lộc,Xã Xuân Lộc,Thôn Hưng Lộc,1
Huyện Phú Lộc,Xã Xuân Lộc,Thôn Phụng Sơn,1
Huyện Phú Lộc,Xã Xuân Lộc,Thôn Xuân Mỹ,1
Huyện Phú Lộc,Xã Xuân Lộc,Thôn(bản) Phúc Lộc,1
Huyện Phú Lộc,Xã Lộc Điền,Thôn Bát Sơn,1
Huyện Phú Lộc,Xã Lộc Điền,Thôn Đông An,1
Huyện Phú Lộc,Xã Lộc Điền,Thôn Đồng Xuân,1
Huyện Phú Lộc,Xã Lộc Điền,Thôn Lương Điền Đông,1
Huyện Phú Lộc,Xã Lộc Điền,Thôn Lương Qúy Phú,1
Huyện Phú Lộc,Xã Lộc Điền,Thôn Miêu Nha,1
Huyện Phú Lộc,Xã Lộc Điền,Thôn Quê Chữ,1
Huyện Phú Lộc,Xã Lộc Điền,Thôn Lương Điền Thượng,2
Huyện Phú Lộc,Xã Lộc Điền,Thôn Sư Lỗ,2
Huyện Phú Lộc,Xã Lộc Điền,Thôn Trung Chánh,2
Huyện Phú Lộc,Xã Lộc Điền,Thôn Bạch Thạch,3
Huyện Phú Lộc,Xã Lộc Tiến,Thôn Phú Gia,1
Huyện Phú Lộc,Xã Lộc Tiến,Thôn Phước An,1
Huyện Phú Lộc,Xã Lộc Tiến,Thôn Phước Lộc,1
Huyện Phú Lộc,Xã Lộc Tiến,Thôn Thủy Dương,1
Huyện Phú Lộc,Xã Lộc Tiến,Thôn Thổ Sơn,2
Huyện Phú Lộc,Xã Lộc Tiến,Thôn Trung Kiền,2
Huyện Phú Lộc,Xã Lộc Tiến,Thôn Thủy Tụ,3
Huyện Phú Lộc,Xã Vinh Hưng,Thôn Diêm Trường 1,1
Huyện Phú Lộc,Xã Vinh Hưng,Thôn Diêm Trường 2,1
Huyện Phú Lộc,Xã Vinh Hưng,Thôn Lương Viện,1
Huyện Phú Lộc,Xã Vinh Hưng,Thôn Trung Hưng,1
Huyện Phú Lộc,Xã Vinh Hưng,Thôn Phụng Chánh 1,2
Huyện Phú Lộc,Xã Vinh Hưng,Thôn Phụng Chánh 2,2
Huyện Phú Lộc,Thị trấn Lăng Cô,Thôn Hải Vân,1
Huyện Phú Lộc,Thị trấn Lăng Cô,Thôn Hói Dừa,1
Huyện Phú Lộc,Thị trấn Lăng Cô,Thôn An Cư Tân,2
Huyện Phú Lộc,Thị trấn Lăng Cô,Thôn Đồng Dương,2
Huyện Phú Lộc,Thị trấn Lăng Cô,Thôn Lập An,2
Huyện Phú Lộc,Thị trấn Lăng Cô,Thôn An Cư Đông 1,3
Huyện Phú Lộc,Thị trấn Lăng Cô,Thôn An Cư Đông 2,3
Huyện Phú Lộc,Thị trấn Lăng Cô,Thôn Loan Lý,3
Huyện Phú Lộc,Thị trấn Lăng Cô,Thôn An Cư Tây,4
Huyện Phú Lộc,Thị trấn Phú Lộc,Khu dân cư khu vực 2,1
Huyện Phú Lộc,Thị trấn Phú Lộc,Khu dân cư khu vực 3,1
Huyện Phú Lộc,Thị trấn Phú Lộc,Khu dân cư khu vực 4,1
Huyện Phú Lộc,Thị trấn Phú Lộc,Mũi Né,1
Huyện Phú Lộc,Thị trấn Phú Lộc,Khu dân cư khu vực 6,2
Huyện Phú Lộc,Thị trấn Phú Lộc,Khu dân cư khu vực 8,2
Huyện Phú Lộc,Thị trấn Phú Lộc,Khu dân cư khu vực 5,3
Huyện Phú Lộc,Thị trấn Phú Lộc,Khu dân cư khu vực 7,3
Huyện Phú Lộc,Thị trấn Phú Lộc,Khu dân cư khu vực 9,3
Huyện Phú Lộc,Xã Lộc Trì,Thôn Đông Hải,1
Huyện Phú Lộc,Xã Lộc Trì,Thôn Phước Tượng,1
Huyện Phú Lộc,Xã Lộc Trì,Thôn Trung An,1
Huyện Phú Lộc,Xã Lộc Trì,Thôn Hoà Mậu,2
Huyện Phú Lộc,Xã Lộc Trì,Thôn Lê Thái Thiện,2
Huyện Phú Lộc,Xã Lộc Trì,Thôn Cao Đôi Xã,3
Huyện Phú Lộc,Xã Lộc Trì,Thôn Đông Lưu,3
Huyện Phú Lộc,Xã Lộc Trì,Thôn Khe Su,3
Huyện Phong Điền,Xã Điền Hải,Thôn 2,1
Huyện Phong Điền,Xã Điền Hải,Thôn 3,1
Huyện Phong Điền,Xã Điền Hải,Thôn 4,1
Huyện Phong Điền,Xã Điền Hải,Thôn 5,1
Huyện Phong Điền,Xã Điền Hải,Thôn 7,1
Huyện Phong Điền,Xã Điền Hải,Thôn 1,2
Huyện Phong Điền,Xã Điền Hải,Thôn 6,2
Huyện Phong Điền,Xã Điền Hải,Thôn 8,2
Huyện Phong Điền,Xã Điền Hòa,Thôn 2,1
Huyện Phong Điền,Xã Điền Hòa,Thôn 3,1
Huyện Phong Điền,Xã Điền Hòa,Thôn 4,1
Huyện Phong Điền,Xã Điền Hòa,Thôn 5,1
Huyện Phong Điền,Xã Điền Hòa,Thôn 6,1
Huyện Phong Điền,Xã Điền Hòa,Thôn 8,1
Huyện Phong Điền,Xã Điền Hòa,Thôn 9,1
Huyện Phong Điền,Xã Điền Hòa,Thôn 11,1
Huyện Phong Điền,Xã Điền Hòa,Thôn 1,2
Huyện Phong Điền,Xã Điền Hòa,Thôn 7,2
Huyện Phong Điền,Xã Điền Hòa,Thôn 10,2
Huyện Phong Điền,Xã Điền Hương,Thôn Thanh Hương Đông,1
Huyện Phong Điền,Xã Điền Hương,Thôn Thanh Hương Tây,1
Huyện Phong Điền,Xã Điền Hương,Thôn Trung Đồng,1
Huyện Phong Điền,Xã Điền Hương,Thôn Thanh Hương Lâm,2
Huyện Phong Điền,Xã Điền Lộc,Thôn Giáp Nam,1
Huyện Phong Điền,Xã Điền Lộc,Thôn Mỹ Hoà,1
Huyện Phong Điền,Xã Điền Lộc,Thôn Nhất Đông,1
Huyện Phong Điền,Xã Điền Lộc,Thôn Nhất Tây,1
Huyện Phong Điền,Xã Điền Lộc,Thôn Nhì Đông,1
Huyện Phong Điền,Xã Điền Lộc,Thôn Nhì Tây,1
Huyện Phong Điền,Xã Điền Lộc,Thôn Tân Hội,1
Huyện Phong Điền,Xã Điền Môn,Thôn Kế Môn 1,1
Huyện Phong Điền,Xã Điền Môn,Thôn Kế Môn 2,2
Huyện Phong Điền,Xã Điền Môn,Thôn Vĩnh Xương,2
Huyện Phong Điền,Xã Phong Hải,Thôn Hải Đông,1
Huyện Phong Điền,Xã Phong Hải,Thôn Hải Thành,1
Huyện Phong Điền,Xã Phong Hải,Thôn Hải Thế,1
Huyện Phong Điền,Xã Phong Hải,Thôn Hải Nhuận,2
Huyện Phong Điền,Xã Phong Hải,Thôn Hải Phú,2
Huyện Phong Điền,Xã Phong Mỹ,Bản Hạ Long,1
Huyện Phong Điền,Xã Phong Mỹ,Bản Khe Trăn,1
Huyện Phong Điền,Xã Phong Mỹ,Thôn Đông Thái,1
Huyện Phong Điền,Xã Phong Mỹ,Thôn Hưng Thái,1
Huyện Phong Điền,Xã Phong Mỹ,Thôn Lưu Hiền Hoà,1
Huyện Phong Điền,Xã Phong Mỹ,Thôn Phong Thu,1
Huyện Phong Điền,Xã Phong Mỹ,Thôn Phú Vinh Phường,1
Huyện Phong Điền,Xã Phong Mỹ,Thôn Phước Thọ,1
Huyện Phong Điền,Xã Phong Mỹ,Thôn Huỳnh Trúc,2
Huyện Phong Điền,Xã Phong Mỹ,Thôn Tân Mỹ,2
Huyện Phong Điền,Xã Phong Mỹ,Thôn Hoà Bắc,3
Huyện Phong Điền,Xã Phong Hòa,Thôn Chùa Thiềm Thượng,1
Huyện Phong Điền,Xã Phong Hòa,Thôn Mỹ Xuyên,1
Huyện Phong Điền,Xã Phong Hòa,Thôn Niêm,1
Huyện Phong Điền,Xã Phong Hòa,Thôn Thuận Hoà,1
Huyện Phong Điền,Xã Phong Hòa,Thôn Trung Cọ Mè,1
Huyện Phong Điền,Xã Phong Hòa,Thôn Đông Thượng,2
Huyện Phong Điền,Xã Phong Hòa,Thôn Đức Phú,2
Huyện Phong Điền,Xã Phong Hòa,Thôn Hoà Đức,2
Huyện Phong Điền,Xã Phong Hòa,Thôn Trạch Phổ,2
Huyện Phong Điền,Xã Phong Hòa,Thôn Ba Bàu Chợ,3
Huyện Phong Điền,Xã Phong Hòa,Thôn Phước Phú,3
Huyện Phong Điền,Xã Phong Hòa,Thôn Tư,3
Huyện Phong Điền,Xã Phong Sơn,Thôn Cổ Bi 1,1
Huyện Phong Điền,Xã Phong Sơn,Thôn Cổ Bi 2,1
Huyện Phong Điền,Xã Phong Sơn,Thôn Phổ Lại,1
Huyện Phong Điền,Xã Phong Sơn,Thôn Sơn Bồ,1
Huyện Phong Điền,Xã Phong Sơn,Thôn Sơn Quả,1
Huyện Phong Điền,Xã Phong Sơn,Thôn Cổ Bi 3,2
Huyện Phong Điền,Xã Phong Sơn,Thôn Công Thành,2
Huyện Phong Điền,Xã Phong Sơn,Thôn Đông Dạ,2
Huyện Phong Điền,Xã Phong Sơn,Thôn Hiền An,2
Huyện Phong Điền,Xã Phong Sơn,Thôn Hiền Sỹ,2
Huyện Phong Điền,Xã Phong Sơn,Thôn Phe Tư,2
Huyện Phong Điền,Xã Phong Sơn,Thôn Thanh Tân,2
Huyện Phong Điền,Xã Phong Sơn,Thôn Tứ Chánh,2
Huyện Phong Điền,Xã Phong Thu,Thôn An Thôn,1
Huyện Phong Điền,Xã Phong Thu,Thôn Huỳnh Liên,1
Huyện Phong Điền,Xã Phong Thu,Thôn Khúc Lý - Ba Lạp,1
Huyện Phong Điền,Xã Phong Thu,Thôn Tây Lái,1
Huyện Phong Điền,Xã Phong Thu,Thôn Phú Xuân,2
Huyện Phong Điền,Xã Phong Thu,Thôn Ưu Thượng,2
Huyện Phong Điền,Xã Phong Thu,Thôn Đông Lái,3
Huyện Phong Điền,Xã Phong Thu,Thôn Trạch Hữu,3
Huyện Phong Điền,Xã Phong Thu,Thôn Vân Trạch Hòa,3
Huyện Phong Điền,Xã Phong Xuân,Thôn Cổ Xuân - Quảng Lộc,1
Huyện Phong Điền,Xã Phong Xuân,Thôn Hiền An 2,1
Huyện Phong Điền,Xã Phong Xuân,Thôn Vinh Phú,1
Huyện Phong Điền,Xã Phong Xuân,Thôn Hiền An - Bến Củi,2
Huyện Phong Điền,Xã Phong Xuân,Thôn Hòa Xuân,2
Huyện Phong Điền,Xã Phong Xuân,Thôn Tân Lập,2
Huyện Phong Điền,Xã Phong Xuân,Thôn Xuân Điền Lộc,2
Huyện Phong Điền,Xã Phong Xuân,Thôn Bình An,3
Huyện Phong Điền,Xã Phong Xuân,Thôn Quảng Lợi,3
Huyện Phong Điền,Xã Phong Xuân,Thôn Vinh Ngạn,3
Huyện Phong Điền,Xã Phong Xuân,Thôn Xuân Lộc,3
Huyện Phong Điền,Thị trấn Phong Điền,Thôn Trạch Thượng 1,2
Huyện Phong Điền,Thị trấn Phong Điền,Thôn Vĩnh Nguyên,2
Huyện Phong Điền,Thị trấn Phong Điền,Thôn Khánh Mỹ,3
Huyện Phong Điền,Thị trấn Phong Điền,Thôn Tân Lập,3
Huyện Phong Điền,Thị trấn Phong Điền,Thôn Trạch Tả,3
Huyện Phong Điền,Thị trấn Phong Điền,Thôn Trạch Thượng 2,3
Huyện Phong Điền,Xã Phong An,Thôn Bồ Điền,2
Huyện Phong Điền,Xã Phong An,Thôn Thượng An 1,2
Huyện Phong Điền,Xã Phong An,Thôn Đông An,3
Huyện Phong Điền,Xã Phong An,Thôn Đông Lâm,3
Huyện Phong Điền,Xã Phong An,Thôn Phò Ninh,3
Huyện Phong Điền,Xã Phong An,Thôn Phường Hóp,3
Huyện Phong Điền,Xã Phong An,Thôn Thượng An 2,3
Huyện Phong Điền,Xã Phong An,Thôn Vĩnh Hương,3
Huyện Phong Điền,Xã Phong Bình,Thôn Đông Phú,1
Huyện Phong Điền,Xã Phong Bình,Thôn Hoà Viện,1
Huyện Phong Điền,Xã Phong Bình,Thôn Rú Hóp,1
Huyện Phong Điền,Xã Phong Bình,Thôn Tả Hữu Tự,1
Huyện Phong Điền,Xã Phong Bình,Thôn Tây Phú Phò Trạch,1
Huyện Phong Điền,Xã Phong Bình,Thôn Tây Phú Vân Trình,1
Huyện Phong Điền,Xã Phong Bình,Thôn Vĩnh An,1
Huyện Phong Điền,Xã Phong Bình,Thôn Đông Mỹ,3
Huyện Phong Điền,Xã Phong Bình,Thôn Đông Trung Tây Hồ,3
Huyện Phong Điền,Xã Phong Bình,Thôn Siêu Quần,3
Huyện Phong Điền,Xã Phong Bình,Thôn Triều Quý,3
Huyện Phong Điền,Xã Phong Bình,Thôn Trung Thạnh,3
Huyện Phong Điền,Xã Phong Chương,Thôn Bàu,1
Huyện Phong Điền,Xã Phong Chương,Thôn Ma Nê,1
Huyện Phong Điền,Xã Phong Chương,Thôn Lương Mai,2
Huyện Phong Điền,Xã Phong Chương,Thôn Mỹ Phú,2
Huyện Phong Điền,Xã Phong Chương,Thôn Phú Lộc,2
Huyện Phong Điền,Xã Phong Chương,Thôn Chánh An,3
Huyện Phong Điền,Xã Phong Chương,Thôn Đại Phú,3
Huyện Phong Điền,Xã Phong Chương,Thôn Nhất Phong,3
Huyện Phong Điền,Xã Phong Chương,Thôn Trung Thạnh,3
Huyện Phong Điền,Xã Phong Hiền,Thôn An Lỗ,1
Huyện Phong Điền,Xã Phong Hiền,Thôn Cao Xá,1
Huyện Phong Điền,Xã Phong Hiền,Thôn Hiền Lương,1
Huyện Phong Điền,Xã Phong Hiền,Thôn Bắc - Triều - Vịnh,2
Huyện Phong Điền,Xã Phong Hiền,Thôn Cao Ban - Truông Cầu - La Vần,3
Huyện Phong Điền,Xã Phong Hiền,Thôn Gia Viên,3
Huyện Phong Điền,Xã Phong Hiền,Thôn Hưng Long - Thượng Hòa,3
Huyện Phong Điền,Xã Phong Hiền,Thôn Sơn Tùng,3
Huyện Phú Vang,Thị trấn Phú Đa,Thôn Đức Lam Trung,1
Huyện Phú Vang,Thị trấn Phú Đa,Thôn Hòa Đông,1
Huyện Phú Vang,Thị trấn Phú Đa,Thôn Hòa Tây,1
Huyện Phú Vang,Thị trấn Phú Đa,Thôn Lương Viện,1
Huyện Phú Vang,Thị trấn Phú Đa,Thôn Trường Lưu,1
Huyện Phú Vang,Thị trấn Phú Đa,Thôn Viễn Trình,1
Huyện Phú Vang,Xã Phú Diên,Thôn Diên Lộc,1
Huyện Phú Vang,Xã Phú Diên,Thôn Kế Sung,1
Huyện Phú Vang,Xã Phú Diên,Thôn Kế Thượng Thanh,1
Huyện Phú Vang,Xã Phú Diên,Thôn Mỹ Khánh,1
Huyện Phú Vang,Xã Phú Diên,Thôn Phương Diên,1
Huyện Phú Vang,Xã Phú Diên,Thôn Thanh Dương,1
Huyện Phú Vang,Xã Phú Gia,Thôn Diêm Tụ,1
Huyện Phú Vang,Xã Phú Gia,Thôn Hà Kênh,1
Huyện Phú Vang,Xã Phú Gia,Thôn Mộc Trụ,1
Huyện Phú Vang,Xã Phú Gia,Thôn Mong A,1
Huyện Phú Vang,Xã Phú Gia,Thôn Mong B,1
Huyện Phú Vang,Xã Phú Gia,Thôn Nghĩa Lập,1
Huyện Phú Vang,Xã Phú Gia,Thôn Tân Phú,1
Huyện Phú Vang,Xã Phú Gia,Thôn Thanh Lam Bồ,1
Huyện Phú Vang,Xã Phú Gia,Thôn Trường Hà,2
Huyện Phú Vang,Xã Phú Gia,Thôn Hà Trữ Thượng,3
Huyện Phú Vang,Xã Phú Gia,Thôn Mong C,3
Huyện Phú Vang,Xã Phú Hải,Thôn Cự Lại Bắc,1
Huyện Phú Vang,Xã Phú Hải,Thôn Cự Lại Đông,1
Huyện Phú Vang,Xã Phú Hải,Thôn Cự Lại Nam,1
Huyện Phú Vang,Xã Phú Hải,Thôn Cự Lại Trung,2
Huyện Phú Vang,Xã Phú Hồ,Thôn Đông Di,1
Huyện Phú Vang,Xã Phú Hồ,Thôn Tây Hồ,1
Huyện Phú Vang,Xã Phú Hồ,Thôn Sư Lổ,2
Huyện Phú Vang,Xã Phú Lương,Thôn Lê Xá,1
Huyện Phú Vang,Xã Phú Lương,Thôn Vĩnh Lương Khê,1
Huyện Phú Vang,Xã Phú Lương,Thôn Văn Giang,2
Huyện Phú Vang,Xã Phú Thuận,Thôn An Dương 1,1
Huyện Phú Vang,Xã Phú Thuận,Thôn An Dương 2,1
Huyện Phú Vang,Xã Phú Thuận,Thôn An Dương 3,1
Huyện Phú Vang,Xã Phú Thuận,Thôn Trung An,1
Huyện Phú Vang,Xã Phú Thuận,Thôn Xuân An,1
Huyện Phú Vang,Xã Phú Thuận,Thôn Tân An,3
Huyện Phú Vang,Xã Vinh Hà,Thôn 1,1
Huyện Phú Vang,Xã Vinh Hà,Thôn 2,1
Huyện Phú Vang,Xã Vinh Hà,Thôn 3,1
Huyện Phú Vang,Xã Vinh Hà,Thôn 4,1
Huyện Phú Vang,Xã Vinh Hà,Thôn 5,1
Huyện Phú Vang,Xã Vinh Thanh,Thôn 1,1
Huyện Phú Vang,Xã Vinh Thanh,Thôn 2,1
Huyện Phú Vang,Xã Vinh Thanh,Thôn 3,1
Huyện Phú Vang,Xã Vinh Thanh,Thôn 4,1
Huyện Phú Vang,Xã Vinh Thanh,Thôn 5,1
Huyện Phú Vang,Xã Vinh Thanh,Thôn 6,1
Huyện Phú Vang,Xã Vinh Xuân,Thôn Kế Võ,1
Huyện Phú Vang,Xã Vinh Xuân,Thôn Khánh Mỹ,1
Huyện Phú Vang,Xã Vinh Xuân,Thôn Mai Vĩnh,1
Huyện Phú Vang,Xã Vinh Xuân,Thôn Tân Sa,1
Huyện Phú Vang,Xã Vinh Xuân,Thôn Xuân Thiên Hạ,1
Huyện Phú Vang,Xã Vinh Xuân,Thôn Xuân Thiên Thượng,1
Huyện Phú Vang,Xã Phú Xuân,Thôn Ba Lăng,1
Huyện Phú Vang,Xã Phú Xuân,Thôn Diên Đại,1
Huyện Phú Vang,Xã Phú Xuân,Thôn Lộc Sơn,1
Huyện Phú Vang,Xã Phú Xuân,Thôn Thủy Diện,1
Huyện Phú Vang,Xã Phú Xuân,Thôn Xuân ổ,1
Huyện Phú Vang,Xã Phú Xuân,Thôn Quảng Xuyên,3
Huyện Phú Vang,Xã Vinh An,Thôn Hà úc 1,1
Huyện Phú Vang,Xã Vinh An,Thôn Hà Úc 2,1
Huyện Phú Vang,Xã Vinh An,Thôn Hà Úc 4,1
Huyện Phú Vang,Xã Vinh An,Thôn Bắc Thượng,2
Huyện Phú Vang,Xã Vinh An,Thôn Hà Úc 3,3
Huyện Phú Vang,Xã Vinh An,Thôn An Mỹ,3
Huyện Phú Vang,Xã Vinh An,Thôn Trung Định Hải,3
Huyện Phú Vang,Xã Phú An,Thôn Định Cư,3
Huyện Phú Vang,Xã Phú An,Thôn Triều Thủy,3
Huyện Phú Vang,Xã Phú An,Thôn Truyền Nam,3
Huyện Phú Vang,Xã Phú An,Thôn An Truyền,4
Huyện Phú Vang,Xã Phú Mỹ,Thôn An Hạ,1
Huyện Phú Vang,Xã Phú Mỹ,Thôn Mong An,2
Huyện Phú Vang,Xã Phú Mỹ,Thôn Mỹ Lam,2
Huyện Phú Vang,Xã Phú Mỹ,Thôn Phước Linh,2
Huyện Phú Vang,Xã Phú Mỹ,Thôn Vinh Vệ,2
Huyện Phú Vang,Xã Phú Mỹ,Thôn An Lưu,3
Huyện Phú Vang,Xã Phú Mỹ,Thôn Dưỡng Mong,3
Huyện Quảng Điền,Thị trấn Sịa,Thôn Giang Đông,1
Huyện Quảng Điền,Thị trấn Sịa,Thôn Thạch Bình,1
Huyện Quảng Điền,Thị trấn Sịa,Thôn Vĩnh Hòa,1
Huyện Quảng Điền,Thị trấn Sịa,Thôn An Gia,2
Huyện Quảng Điền,Thị trấn Sịa,Thôn Khuông Phò,2
Huyện Quảng Điền,Thị trấn Sịa,Thôn Lương Cổ,2
Huyện Quảng Điền,Thị trấn Sịa,Thôn Uất Mậu,2
Huyện Quảng Điền,Thị trấn Sịa,Thôn Thủ Lễ,3
Huyện Quảng Điền,Thị trấn Sịa,Thôn Tráng Lực,3
Huyện Quảng Điền,Thị trấn Sịa,Thôn Văn Căn,3
Huyện Quảng Điền,Xã Quảng An,Thôn Phú Lương B,1
Huyện Quảng Điền,Xã Quảng An,Thôn Phước Thanh,1
Huyện Quảng Điền,Xã Quảng An,Thôn An Xuân Đông,2
Huyện Quảng Điền,Xã Quảng An,Thôn An Xuân Tây,2
Huyện Quảng Điền,Xã Quảng An,Thôn Đông Xuyên,2
Huyện Quảng Điền,Xã Quảng An,Thôn Mỹ Xá,2
Huyện Quảng Điền,Xã Quảng An,Thôn An Xuân Bắc,3
Huyện Quảng Điền,Xã Quảng Lợi,Thôn Hà Công,1
Huyện Quảng Điền,Xã Quảng Lợi,Thôn Hà Lạc,1
Huyện Quảng Điền,Xã Quảng Lợi,Thôn Ngư Mỹ Thạnh,1
Huyện Quảng Điền,Xã Quảng Lợi,Thôn Cư Lạc,2
Huyện Quảng Điền,Xã Quảng Lợi,Thôn Mỹ Thạnh,2
Huyện Quảng Điền,Xã Quảng Lợi,Thôn Tháp Nhuận,2
Huyện Quảng Điền,Xã Quảng Lợi,Thôn Thuỷ Lập,2
Huyện Quảng Điền,Xã Quảng Lợi,Thôn Sơn Công,3
Huyện Quảng Điền,Xã Quảng Phú,Thôn Bác Vọng Đông,1
Huyện Quảng Điền,Xã Quảng Phú,Thôn Hạ Lang,1
Huyện Quảng Điền,Xã Quảng Phú,Thôn Nam Phù - Nho Lâm,1
Huyện Quảng Điền,Xã Quảng Phú,Thôn Vạn Hạ Lang,1
Huyện Quảng Điền,Xã Quảng Phú,Thôn Bao La - Đức Nhuận,2
Huyện Quảng Điền,Xã Quảng Phú,Thôn Hà Cảng,2
Huyện Quảng Điền,Xã Quảng Phú,Thôn Phú Lễ,2
Huyện Quảng Điền,Xã Quảng Phú,Thôn Bác Vọng Tây,3
Huyện Quảng Điền,Xã Quảng Phú,Thôn Nghĩa Lộ,3
Huyện Quảng Điền,Xã Quảng Phú,Thôn Xuân Tuỳ,3
Huyện Quảng Điền,Xã Quảng Phước,Thôn Thủ Lễ 3,1
Huyện Quảng Điền,Xã Quảng Phước,Thôn Hà Đồ - Phước Lập,2
Huyện Quảng Điền,Xã Quảng Phước,Thôn Khuông Phò,2
Huyện Quảng Điền,Xã Quảng Phước,Thôn Lâm Lý,2
Huyện Quảng Điền,Xã Quảng Phước,Thôn Thủ Lễ 2,2
Huyện Quảng Điền,Xã Quảng Phước,Thôn Mai Dương,3
Huyện Quảng Điền,Xã Quảng Thành,Thôn An Thành,1
Huyện Quảng Điền,Xã Quảng Thành,Thôn Phú Ngạn,1
Huyện Quảng Điền,Xã Quảng Thành,Thôn Quán Hòa,1
Huyện Quảng Điền,Xã Quảng Thành,Thôn Thanh Hà,1
Huyện Quảng Điền,Xã Quảng Thành,Thôn Thành Trung,1
Huyện Quảng Điền,Xã Quảng Thành,Thôn Thủy Điền,1
Huyện Quảng Điền,Xã Quảng Thành,Thôn Tây Thành,2
Huyện Quảng Điền,Xã Quảng Thành,Thôn Kim Đôi,3
Huyện Quảng Điền,Xã Quảng Thành,Thôn Phú Lương A,3
Huyện Quảng Điền,Xã Quảng Thọ,Thôn Lương Cổ,1
Huyện Quảng Điền,Xã Quảng Thọ,Thôn Niêm Phò,1
Huyện Quảng Điền,Xã Quảng Thọ,Thôn Phò Nam,1
Huyện Quảng Điền,Xã Quảng Thọ,Thôn Phước Yên,1
Huyện Quảng Điền,Xã Quảng Thọ,Thôn Tân Xuân Lai,1
Huyện Quảng Điền,Xã Quảng Thọ,Thôn La Vân Thượng,2
Huyện Quảng Điền,Xã Quảng Thọ,Thôn La Vân Hạ,3
Huyện Quảng Điền,Xã Quảng Vinh,Thôn Cao Xá,1
Huyện Quảng Điền,Xã Quảng Vinh,Thôn Cổ Tháp,1
Huyện Quảng Điền,Xã Quảng Vinh,Thôn Đông Lâm,1
Huyện Quảng Điền,Xã Quảng Vinh,Thôn Lai Lâm,1
Huyện Quảng Điền,Xã Quảng Vinh,Thôn Lai Trung,1
Huyện Quảng Điền,Xã Quảng Vinh,Thôn Nam Dương,1
Huyện Quảng Điền,Xã Quảng Vinh,Thôn Phe Ba,1
Huyện Quảng Điền,Xã Quảng Vinh,Thôn Sơn Tùng,1
Huyện Quảng Điền,Xã Quảng Vinh,Thôn Thanh Cần Trọng Đức,2
Huyện Quảng Điền,Xã Quảng Vinh,Thôn Đồng Bào,3
Huyện Quảng Điền,Xã Quảng Vinh,Thôn Đức Trọng,3
Huyện Quảng Điền,Xã Quảng Vinh,Thôn Ô Sa,3
Huyện Quảng Điền,Xã Quảng Vinh,Thôn Phổ Lại,3
Huyện Quảng Điền,Xã Quảng Công,Thôn 2,1
Huyện Quảng Điền,Xã Quảng Công,Thôn An Lộc,1
Huyện Quảng Điền,Xã Quảng Công,Thôn Cương Gián,1
Huyện Quảng Điền,Xã Quảng Công,Thôn An Thiền,1
Huyện Quảng Điền,Xã Quảng Công,Thôn Tiến Công,1
Huyện Quảng Điền,Xã Quảng Công,Thôn Hải Thành,1
Huyện Quảng Điền,Xã Quảng Công,Thôn 1,2
Huyện Quảng Điền,Xã Quảng Công,Thôn 4,2
Huyện Quảng Điền,Xã Quảng Công,Thôn Tân Thành,2
Huyện Quảng Điền,Xã Quảng Công,Thôn 3,3
Huyện Quảng Điền,Xã Quảng Ngạn,Thôn 2,1
Huyện Quảng Điền,Xã Quảng Ngạn,Thôn 1,3
Huyện Quảng Điền,Xã Quảng Ngạn,Thôn 3,3
Huyện Quảng Điền,Xã Quảng Ngạn,Thôn 13,3
Huyện Quảng Điền,Xã Quảng Ngạn,Thôn Đông Hải,3
Huyện Quảng Điền,Xã Quảng Ngạn,Thôn Vĩnh Tu,3
Huyện Quảng Điền,Xã Quảng Ngạn,Thôn Tân Mỹ,3
Huyện Quảng Điền,Xã Quảng Ngạn,Thôn Tây Hải,3
Huyện Quảng Điền,Xã Quảng Thái,Thôn Tây Hoàng,1
Huyện Quảng Điền,Xã Quảng Thái,Thôn Nam Giảng,2
Huyện Quảng Điền,Xã Quảng Thái,Thôn Trằm Ngang,2
Huyện Quảng Điền,Xã Quảng Thái,Thôn Trung Làng,2
Huyện Quảng Điền,Xã Quảng Thái,Thôn Đông Hồ,3
Huyện Quảng Điền,Xã Quảng Thái,Thôn Lai Hà,3
Huyện Quảng Điền,Xã Quảng Thái,Thôn Trung Kiều,3
Huyện Nam Đông,Thị trấn Khe Tre,Tổ dân phố 1,1
Huyện Nam Đông,Thị trấn Khe Tre,Tổ dân phố 2,1
Huyện Nam Đông,Thị trấn Khe Tre,Tổ dân phố 3,1
Huyện Nam Đông,Thị trấn Khe Tre,Tổ dân phố 5,1
Huyện Nam Đông,Thị trấn Khe Tre,Tổ dân phố 4,2
Huyện Nam Đông,Xã Hương Hữu,Thôn Ba Tang,1
Huyện Nam Đông,Xã Hương Hữu,Thôn Con Gia,1
Huyện Nam Đông,Xã Hương Hữu,Thôn Gia Hin,1
Huyện Nam Đông,Xã Hương Hữu,Thôn Ra Đang,1
Huyện Nam Đông,Xã Hương Hữu,Thôn Ra Rang,1
Huyện Nam Đông,Xã Hương Hữu,Thôn Rung Ghênh,1
Huyện Nam Đông,Xã Hương Hữu,Thôn Ư Rang,1
Huyện Nam Đông,Xã Hương Lộc,Thôn 1,1
Huyện Nam Đông,Xã Hương Lộc,Thôn 2,1
Huyện Nam Đông,Xã Hương Lộc,Thôn 3,1
Huyện Nam Đông,Xã Hương Phú,Thôn Phú Hoà,1
Huyện Nam Đông,Xã Hương Phú,Thôn Hà An,1
Huyện Nam Đông,Xã Hương Phú,Thôn Ka Tư,1
Huyện Nam Đông,Xã Hương Phú,Thôn Phú Mậu,1
Huyện Nam Đông,Xã Hương Phú,Thôn Phú Nam,1
Huyện Nam Đông,Xã Hương Phú,Thôn Thanh An,1
Huyện Nam Đông,Xã Hương Phú,Thôn Xuân Phú,1
Huyện Nam Đông,Xã Hương Phú,Thôn Đa Phú,2
Huyện Nam Đông,Xã Hương Sơn,Thôn A2,1
Huyện Nam Đông,Xã Hương Sơn,Thôn Bha Bhar,1
Huyện Nam Đông,Xã Hương Sơn,Thôn Pa Noong,1
Huyện Nam Đông,Xã Hương Sơn,Thôn Ta rung,1
Huyện Nam Đông,Xã Hương Xuân,Thôn 8,1
Huyện Nam Đông,Xã Hương Xuân,Thôn 9,1
Huyện Nam Đông,Xã Hương Xuân,Thôn 10,1
Huyện Nam Đông,Xã Hương Xuân,Thôn Phú Nhuận,1
Huyện Nam Đông,Xã Hương Xuân,Thôn Phú Thuận,1
Huyện Nam Đông,Xã Hương Xuân,Thôn Tây Linh,1
Huyện Nam Đông,Xã Hương Xuân,Thôn Thuận Lộc,1
Huyện Nam Đông,Xã Hương Xuân,Thôn 11,2
Huyện Nam Đông,Xã Thượng Lộ,Thôn Cha Măng,1
Huyện Nam Đông,Xã Thượng Lộ,Thôn Dỗi,1
Huyện Nam Đông,Xã Thượng Lộ,Thôn Ria Hố,1
Huyện Nam Đông,Xã Thượng Long,Thôn A Chiếu,1
Huyện Nam Đông,Xã Thượng Long,Thôn A Dài,1
Huyện Nam Đông,Xã Thượng Long,Thôn A Gôn,1
Huyện Nam Đông,Xã Thượng Long,Thôn A Prung,1
Huyện Nam Đông,Xã Thượng Long,Thôn A Xăng,1
Huyện Nam Đông,Xã Thượng Long,Thôn Cha Ke,1
Huyện Nam Đông,Xã Thượng Long,Thôn Ka Đông,1
Huyện Nam Đông,Xã Thượng Long,Thôn Ta Vác,1
Huyện Nam Đông,Xã Thượng Nhật,Thôn A Sách,1
Huyện Nam Đông,Xã Thượng Nhật,Thôn Hợp Hoà,1
Huyện Nam Đông,Xã Thượng Nhật,Thôn La Vân,1
Huyện Nam Đông,Xã Thượng Nhật,Thôn Lập,1
Huyện Nam Đông,Xã Thượng Nhật,Thôn Tà Lu,1
Huyện Nam Đông,Xã Thượng Nhật,Thôn Ta Rinh,1
Huyện Nam Đông,Xã Thượng Nhật,Thôn A Tin,2
Huyện Nam Đông,Xã Thượng Quảng,Thôn A Ka,1
Huyện Nam Đông,Xã Thượng Quảng,Thôn A Răng,1
Huyện Nam Đông,Xã Thượng Quảng,Thôn A Rò,1
Huyện Nam Đông,Xã Thượng Quảng,Thôn Tà Rầu,1
Huyện Nam Đông,Xã Thượng Quảng,Thôn Vinh Giang,1
Huyện Nam Đông,Xã Thượng Quảng,Thôn Vinh Hưng,1
Huyện Nam Đông,Xã Thượng Quảng,Thôn Vinh Mỹ,1
Thị xã Hương Thủy,Phường Phú Bài,Tổ dân phố 1,1
Thị xã Hương Thủy,Phường Phú Bài,Tổ dân phố 3,1
Thị xã Hương Thủy,Phường Phú Bài,Tổ dân phố 4,1
Thị xã Hương Thủy,Phường Phú Bài,Tổ dân phố 5,1
Thị xã Hương Thủy,Phường Phú Bài,Tổ dân phố 6,1
Thị xã Hương Thủy,Phường Phú Bài,Tổ dân phố 7,1
Thị xã Hương Thủy,Phường Phú Bài,Tổ dân phố 8,1
Thị xã Hương Thủy,Phường Phú Bài,Tổ dân phố 9,1
Thị xã Hương Thủy,Phường Phú Bài,Tổ dân phố 2,2
Thị xã Hương Thủy,Phường Phú Bài,Tổ dân phố 10,2
Thị xã Hương Thủy,Xã Phú Sơn,Thôn Thôn 1,1
Thị xã Hương Thủy,Xã Phú Sơn,Thôn Thôn 2,1
Thị xã Hương Thủy,Xã Phú Sơn,Thôn Thôn 3,1
Thị xã Hương Thủy,Xã Phú Sơn,Thôn Thôn 4,1
Thị xã Hương Thủy,Xã Thủy Phù,Thôn 1A,1
Thị xã Hương Thủy,Xã Thủy Phù,Thôn 1B,1
Thị xã Hương Thủy,Xã Thủy Phù,Thôn 2,1
Thị xã Hương Thủy,Xã Thủy Phù,Thôn 3,1
Thị xã Hương Thủy,Xã Thủy Phù,Thôn 6,1
Thị xã Hương Thủy,Xã Thủy Phù,Thôn 7,1
Thị xã Hương Thủy,Xã Thủy Phù,Thôn 8A,1
Thị xã Hương Thủy,Xã Thủy Phù,Thôn 9,1
Thị xã Hương Thủy,Xã Thủy Phù,Thôn 10,1
Thị xã Hương Thủy,Xã Thủy Phù,Thôn 4,2
Thị xã Hương Thủy,Xã Thủy Phù,Thôn 5,2
Thị xã Hương Thủy,Xã Thủy Phù,Thôn 8B,3
Thị xã Hương Thủy,Xã Thủy Tân,Thôn Chiết Bi,1
Thị xã Hương Thủy,Xã Thủy Tân,Thôn Hòa Phong,1
Thị xã Hương Thủy,Xã Thủy Tân,Thôn Tân Tô,1
Thị xã Hương Thủy,Xã Thủy Tân,Thôn Tô Đà 1,1
Thị xã Hương Thủy,Xã Thủy Tân,Thôn Tô Đà 2,1
Thị xã Hương Thủy,Phường Thủy Châu,Tổ dân phố 1,1
Thị xã Hương Thủy,Phường Thủy Châu,Tổ dân phố 7,1
Thị xã Hương Thủy,Phường Thủy Châu,Tổ dân phố 8,1
Thị xã Hương Thủy,Phường Thủy Châu,Tổ dân phố 9,1
Thị xã Hương Thủy,Phường Thủy Châu,Tổ dân phố 10,1
Thị xã Hương Thủy,Phường Thủy Châu,Tổ dân phố 2,2
Thị xã Hương Thủy,Phường Thủy Châu,Tổ dân phố 3,2
Thị xã Hương Thủy,Phường Thủy Châu,Tổ dân phố 4,2
Thị xã Hương Thủy,Phường Thủy Châu,Tổ dân phố 6,2
Thị xã Hương Thủy,Phường Thủy Châu,Tổ dân phố 5,3
Thị xã Hương Thủy,Phường Thủy Lương,Tổ dân phố 2,1
Thị xã Hương Thủy,Phường Thủy Lương,Tổ dân phố 4,1
Thị xã Hương Thủy,Phường Thủy Lương,Tổ dân phố 5,1
Thị xã Hương Thủy,Phường Thủy Lương,Tổ dân phố 7,1
Thị xã Hương Thủy,Phường Thủy Lương,Tổ dân phố 1,2
Thị xã Hương Thủy,Phường Thủy Lương,Tổ dân phố 3,2
Thị xã Hương Thủy,Phường Thủy Lương,Tổ dân phố 6,2
Thị xã Hương Thủy,Phường Thủy Phương,Tổ dân phố 1,1
Thị xã Hương Thủy,Phường Thủy Phương,Tổ dân phố 2,1
Thị xã Hương Thủy,Phường Thủy Phương,Tổ dân phố 3,1
Thị xã Hương Thủy,Phường Thủy Phương,Tổ dân phố 5,1
Thị xã Hương Thủy,Phường Thủy Phương,Tổ dân phố 9,1
Thị xã Hương Thủy,Phường Thủy Phương,Tổ dân phố 11,1
Thị xã Hương Thủy,Phường Thủy Phương,Tổ dân phố 12,1
Thị xã Hương Thủy,Phường Thủy Phương,Tổ dân phố 4,2
Thị xã Hương Thủy,Phường Thủy Phương,Tổ dân phố 6,3
Thị xã Hương Thủy,Phường Thủy Phương,Tổ dân phố 7,3
Thị xã Hương Thủy,Phường Thủy Phương,Tổ dân phố 8,3
Thị xã Hương Thủy,Phường Thủy Phương,Tổ dân phố 10,3
Thị xã Hương Thủy,Xã Dương Hòa,Thôn Hạ,1
Thị xã Hương Thủy,Xã Dương Hòa,Thôn Hộ,1
Thị xã Hương Thủy,Xã Dương Hòa,Thôn Khe Sòng,1
Thị xã Hương Thủy,Xã Dương Hòa,Thôn Thanh Vân,1
Thị xã Hương Thủy,Xã Dương Hòa,Thôn Buồng Tằm,3
Thị xã Hương Thủy,Phường Thủy Dương,Tổ dân phố 9,1
Thị xã Hương Thủy,Phường Thủy Dương,Tổ dân phố 12,1
Thị xã Hương Thủy,Phường Thủy Dương,Tổ dân phố 1,2
Thị xã Hương Thủy,Phường Thủy Dương,Tổ dân phố 3,2
Thị xã Hương Thủy,Phường Thủy Dương,Tổ dân phố 11,2
Thị xã Hương Thủy,Phường Thủy Dương,Tổ dân phố 2,3
Thị xã Hương Thủy,Phường Thủy Dương,Tổ dân phố 4,3
Thị xã Hương Thủy,Phường Thủy Dương,Tổ dân phố 5,3
Thị xã Hương Thủy,Phường Thủy Dương,Tổ dân phố 6,3
Thị xã Hương Thủy,Phường Thủy Dương,Tổ dân phố 7,3
Thị xã Hương Thủy,Phường Thủy Dương,Tổ dân phố 8,3
Thị xã Hương Thủy,Phường Thủy Dương,Tổ dân phố 10,3
Thị xã Hương Thủy,Xã Thủy Thanh,Thôn Lang Xá Bàu,1
Thị xã Hương Thủy,Xã Thủy Thanh,Thôn Vân Thê Thượng,1
Thị xã Hương Thủy,Xã Thủy Thanh,Thôn Vân Thê Trung,1
Thị xã Hương Thủy,Xã Thủy Thanh,Thôn Lang Xá Cồn,3
Thị xã Hương Thủy,Xã Thủy Thanh,Thôn Thanh Thủy,3
Thị xã Hương Thủy,Xã Thủy Thanh,Thôn Thanh Toàn,3
Thị xã Hương Thủy,Xã Thủy Thanh,Thôn Thanh Tuyền,3
Thị xã Hương Thủy,Xã Thủy Thanh,Thôn Vân Thê Đập,3
Thị xã Hương Thủy,Xã Thủy Thanh,Thôn Vân Thê Nam,3
Thị xã Hương Trà,Phường Tứ Hạ,Tổ dân phố 1,1
Thị xã Hương Trà,Phường Tứ Hạ,Tổ dân phố 2,1
Thị xã Hương Trà,Phường Tứ Hạ,Tổ dân phố 3,1
Thị xã Hương Trà,Phường Tứ Hạ,Tổ dân phố 8,1
Thị xã Hương Trà,Phường Tứ Hạ,Tổ dân phố 9,1
Thị xã Hương Trà,Phường Tứ Hạ,Tổ dân phố 4,2
Thị xã Hương Trà,Phường Tứ Hạ,Tổ dân phố 7,2
Thị xã Hương Trà,Phường Tứ Hạ,Tổ dân phố 5,3
Thị xã Hương Trà,Xã Bình Thành,Thôn Bồ Hòn,1
Thị xã Hương Trà,Xã Bình Thành,Thôn Hiệp Hoà,1
Thị xã Hương Trà,Xã Bình Thành,Thôn Hoà Dương,1
Thị xã Hương Trà,Xã Bình Thành,Thôn Hòa Hợp,1
Thị xã Hương Trà,Xã Bình Thành,Thôn Phú Tuyên,1
Thị xã Hương Trà,Xã Bình Thành,Thôn Tam Hiệp,1
Thị xã Hương Trà,Xã Bình Thành,Thôn Tân Thọ,3
Thị xã Hương Trà,Xã Bình Tiến,Thôn 1,1
Thị xã Hương Trà,Xã Bình Tiến,Thôn 2,1
Thị xã Hương Trà,Xã Bình Tiến,Thôn 3,1
Thị xã Hương Trà,Xã Bình Tiến,Thôn 4,1
Thị xã Hương Trà,Xã Bình Tiến,Thôn 5,1
Thị xã Hương Trà,Xã Bình Tiến,Thôn An Vinh,1
Thị xã Hương Trà,Xã Bình Tiến,Thôn Đông Hòa,1
Thị xã Hương Trà,Xã Bình Tiến,Thôn Phú Lợi,1
Thị xã Hương Trà,Xã Bình Tiến,Thôn Thuận Lộc,1
Thị xã Hương Trà,Xã Bình Tiến,Thôn Thuận Lợi,1
Thị xã Hương Trà,Xã Hương Bình,Thôn Bình Dương,1
Thị xã Hương Trà,Xã Hương Bình,Thôn Bình Sơn,1
Thị xã Hương Trà,Xã Hương Bình,Thôn Quang Lộc,1
Thị xã Hương Trà,Xã Hương Bình,Thôn Tân Phong,1
Thị xã Hương Trà,Xã Hương Bình,Thôn Hải Tân,3
Thị xã Hương Trà,Phường Hương Chữ,Tổ dân phố An Đô,2
Thị xã Hương Trà,Phường Hương Chữ,Tổ dân phố La Chữ Đông,2
Thị xã Hương Trà,Phường Hương Chữ,Tổ dân phố La Chữ Nam,2
Thị xã Hương Trà,Phường Hương Chữ,Tổ dân phố La Chữ Thượng,2
Thị xã Hương Trà,Phường Hương Chữ,Tổ dân phố Phú Ổ 1,2
Thị xã Hương Trà,Phường Hương Chữ,Tổ dân phố Quê Chữ,2
Thị xã Hương Trà,Phường Hương Chữ,Tổ dân phố La Chữ Trung,3
Thị xã Hương Trà,Phường Hương Chữ,Tổ dân phố Phú Ổ 2,3
Thị xã Hương Trà,Phường Hương Vân,Tổ dân phố Lại Bằng 1,1
Thị xã Hương Trà,Phường Hương Vân,Tổ dân phố Lại Bằng 2,1
Thị xã Hương Trà,Phường Hương Vân,Tổ dân phố Long Khê,1
Thị xã Hương Trà,Phường Hương Vân,Tổ dân phố Sơn Công 2,2
Thị xã Hương Trà,Phường Hương Vân,Tổ dân phố Lai Thành 1,3
Thị xã Hương Trà,Phường Hương Vân,Tổ dân phố Lai Thành 2,3
Thị xã Hương Trà,Phường Hương Vân,Tổ dân phố Sơn Công 1,3
Thị xã Hương Trà,Phường Hương Văn,Tổ dân phố Giáp Nhì,1
Thị xã Hương Trà,Phường Hương Văn,Tổ dân phố Giáp Tư,1
Thị xã Hương Trà,Phường Hương Văn,Tổ dân phố Bàu Đưng,1
Thị xã Hương Trà,Phường Hương Văn,Tổ dân phố Giáp Trung,1
Thị xã Hương Trà,Phường Hương Văn,Tổ dân phố Giáp Thượng 1,1
Thị xã Hương Trà,Phường Hương Văn,Tổ dân phố Giáp Thượng 2,1
Thị xã Hương Trà,Phường Hương Văn,Tổ dân phố Giáp Nhất,3
Thị xã Hương Trà,Phường Hương Văn,Tổ dân phố Giáp Ba,3
Thị xã Hương Trà,Phường Hương Xuân,Tổ dân phố Thanh Lương 2,1
Thị xã Hương Trà,Phường Hương Xuân,Tổ dân phố Thanh Lương 3,1
Thị xã Hương Trà,Phường Hương Xuân,Tổ dân phố Thanh Lương 4,2
Thị xã Hương Trà,Phường Hương Xuân,Tổ dân phố Thanh Tiên,2
Thị xã Hương Trà,Phường Hương Xuân,Tổ dân phố Trung Thôn,2
Thị xã Hương Trà,Phường Hương Xuân,Tổ dân phố Xuân Tháp,2
Thị xã Hương Trà,Phường Hương Xuân,Tổ dân phố Liễu Nam,2
Thị xã Hương Trà,Phường Hương Xuân,Tổ dân phố Thượng Khê,3
Thị xã Hương Trà,Xã Hương Toàn,Thôn An Thuận,1
Thị xã Hương Trà,Xã Hương Toàn,Thôn Giáp Kiền,1
Thị xã Hương Trà,Xã Hương Toàn,Thôn Giáp Tây,1
Thị xã Hương Trà,Xã Hương Toàn,Thôn Giáp Trung,1
Thị xã Hương Trà,Xã Hương Toàn,Thôn Triều Sơn Trung,1
Thị xã Hương Trà,Xã Hương Toàn,Thôn Cổ Lão,2
Thị xã Hương Trà,Xã Hương Toàn,Thôn Dương Sơn,2
Thị xã Hương Trà,Xã Hương Toàn,Thôn Giáp Đông,2
Thị xã Hương Trà,Xã Hương Toàn,Thôn Giáp Thượng,2
Thị xã Hương Trà,Xã Hương Toàn,Thôn Liễu Cốc Hạ,2
Thị xã Hương Trà,Xã Hương Toàn,Thôn Vân Cù-Nam Thanh,2
